parents,parents_beaten,beaten,p,e,t
0,0,0,0,0,0
0+1 (0.0:1.0),7 & 7,6,[20. 42. 10.  0. 63.  0. 66. 41.],[ 0.  0.  0. 40.  0. 60.  0.  0.],[299 316 487 709 268 491 158 418]
0+1 (0.0:1.0),7 & 7,5,[ 0. 42. 10.  0. 63.  0. 66. 30.],[10.  0.  0. 10.  0. 50.  0.  0.],[369 315 487 676 268 498 158 461]
0+1 (0.0:1.0),7 & 7,5,[100.   0.   8.   0.  63.   0.  68.  23.],[ 0. 10.  0. 30.  0. 40.  0.  0.],[184 371 487 508 268 592 158 445]
0+1 (0.0:1.0),7 & 7,5,[100.   0.   8.   0.  63.   0.  73.  43.],[ 0. 10.  0. 40.  0. 70.  0.  0.],[184 371 497 508 268 490 158 353]
0+1 (0.1:0.9),7 & 7,2,[ 0.  0. 26.  0. 57.  0.  0.  0.],[10. 10.  0. 30.  0. 60. 10. 40.],[331 371 421 610 320 604 176 778]
0+1 (0.1:0.9),7 & 7,3,[ 0.  0. 24.  0. 57.  0.  0. 20.],[40. 10.  0. 60.  0. 30. 10.  0.],[331 371 383 480 320 542 179 451]
0+1 (0.1:0.9),7 & 7,2,[ 0.  0. 14.  0. 57.  0.  0.  0.],[30. 10.  0. 60.  0. 70. 10. 40.],[334 371 487 558 320 471 179 735]
0+1 (0.1:0.9),7 & 7,2,[ 0.  0. 10.  0. 57.  0.  0.  0.],[30. 10.  0. 60.  0. 70. 10. 40.],[331 371 385 550 320 477 179 498]
0+1 (0.1:0.9),7 & 7,3,[ 0. 78. 10.  0. 66.  0.  0.  0.],[30.  0.  0. 50.  0. 60. 10. 20.],[334 237 385 671 294 548 179 672]
0+1 (0.1:0.9),7 & 7,3,[ 0. 72.  2.  0. 62.  0.  0.  0.],[50.  0.  0. 60.  0. 60. 10. 10.],[334 288 396 538 320 565 179 800]
0+1 (0.1:0.9),7 & 7,2,[ 0. 84.  0.  0. 65.  0.  0.  0.],[50.  0. 40. 70.  0. 70. 10. 50.],[331 237 339 473 294 470 180 623]
0+1 (0.1:0.9),7 & 7,2,[ 0. 82.  0.  0. 68.  0.  0.  0.],[ 70.   0.  40.  70.   0. 100.  10.  40.],[331 237 339 473 268 429 180 625]
0+1 (0.1:0.9),7 & 7,2,[ 0. 82.  0.  0. 65.  0.  0.  0.],[50.  0. 40. 70.  0. 60. 10. 50.],[334 237 337 473 268 465 180 651]
0+1 (0.1:0.9),7 & 7,2,[ 0. 82.  0.  0. 67.  0.  0.  0.],[60.  0. 40. 60.  0. 80. 10. 70.],[331 237 337 499 268 363 180 338]
0+1 (0.2:0.8),7 & 7,2,[ 0. 70.  0.  0. 63.  0.  0.  0.],[70.  0. 40. 60.  0. 80. 10. 70.],[331 247 337 547 268 348 181 355]
0+1 (0.2:0.8),7 & 7,2,[ 0. 70.  0.  0. 61.  0.  0.  0.],[ 70.   0.  40.  30.   0. 100.  10.  70.],[332 247 338 482 268 279 181 367]
0+1 (0.2:0.8),7 & 7,2,[ 0. 70.  0.  0. 62.  0.  0.  0.],[ 70.   0.  40.  60.   0. 100.  10.  60.],[332 247 339 616 267 262 181 416]
0+1 (0.2:0.8),7 & 7,2,[ 0. 70.  0.  0. 62.  0.  0.  0.],[ 50.   0.  40.  60.   0. 100.  10.  50.],[331 247 339 480 268 262 181 882]
0+1 (0.2:0.8),7 & 7,2,[ 0. 70.  0.  0. 62.  0.  0.  0.],[ 60.   0.  40.  60.   0. 100.  10.  50.],[331 247 339 480 268 262 181 878]
0+1 (0.2:0.8),7 & 7,2,[ 0. 70.  0.  0. 62.  0.  0.  0.],[ 60.   0.  40.  40.   0. 100.  10.  70.],[331 247 339 430 268 262 181 336]
0+1 (0.2:0.8),7 & 7,2,[ 0. 70.  0.  0. 65.  0.  0.  0.],[ 70.   0.  40.  60.   0. 100.  10.  70.],[331 247 339 464 268 262 181 360]
0+1 (0.2:0.8),7 & 7,2,[ 0. 70.  0.  0. 65.  0.  0.  0.],[ 70.   0.  40.  60.   0. 100.  10.  70.],[345 247 339 477 268 262 181 355]
0+1 (0.2:0.8),7 & 7,2,[ 0. 70.  0.  0. 65.  0.  0.  0.],[ 70.   0.  40.  60.   0. 100.  10.  70.],[345 247 339 477 268 302 181 341]
0+1 (0.2:0.8),7 & 7,2,[ 0. 70.  0.  0. 69.  0.  0.  0.],[ 70.   0.  40.  70.   0. 100.  10.  70.],[345 247 338 347 268 302 181 357]
0+1 (0.2:0.8),7 & 7,2,[ 0. 70.  0.  0. 67.  0.  0.  0.],[ 70.   0.  40.  70.   0. 100.  10.  70.],[345 247 338 347 268 302 181 357]
0+1 (0.3:0.7),7 & 7,2,[ 0. 70.  0.  0. 68.  0.  0.  0.],[ 70.   0.  40.  70.   0. 100.  10.  70.],[345 247 339 347 268 302 181 357]
0+1 (0.3:0.7),7 & 7,2,[ 0. 70.  0.  0. 63.  0.  0.  0.],[ 70.   0.  50.  70.   0. 100.  10.  70.],[345 247 338 349 268 302 182 357]
0+1 (0.3:0.7),7 & 7,2,[ 0. 70.  0.  0. 63.  0.  0.  0.],[ 70.   0.  50.  70.   0. 100.  10.  70.],[331 247 338 349 268 286 182 357]
0+1 (0.3:0.7),7 & 7,2,[ 0. 70.  0.  0. 63.  0.  0.  0.],[ 70.   0.  50.  70.   0. 100.  10.  70.],[331 247 338 348 268 287 182 357]
0+1 (0.3:0.7),7 & 7,2,[ 0. 70.  0.  0. 65.  0.  0.  0.],[ 70.   0.  50.  70.   0. 100.  10.  70.],[331 247 338 348 268 286 182 357]
0+1 (0.3:0.7),7 & 7,2,[ 0. 70.  0.  0. 65.  0.  0.  0.],[ 70.   0.  50.  70.   0. 100.  10.  70.],[331 247 338 348 268 301 182 357]
0+1 (0.3:0.7),7 & 7,2,[ 0. 70.  0.  0. 65.  0.  0.  0.],[70.  0. 50. 70.  0. 90. 10. 70.],[331 247 338 348 268 297 182 357]
0+1 (0.3:0.7),7 & 7,2,[ 0. 70.  0.  0. 65.  0.  0.  0.],[70.  0. 50. 70.  0. 80. 10. 70.],[332 247 338 348 268 282 183 357]
0+1 (0.3:0.7),7 & 7,2,[ 0. 70.  0.  0. 65.  0.  0.  0.],[70.  0. 50. 70.  0. 80. 10. 70.],[332 247 338 348 268 267 183 357]
0+1 (0.4:0.6),7 & 7,2,[ 0. 70.  0.  0. 65.  0.  0.  0.],[70.  0. 50. 70.  0. 80. 10. 70.],[332 247 338 335 268 285 183 360]
0+1 (0.4:0.6),7 & 7,2,[ 0. 70.  0.  0. 65.  0.  0.  0.],[ 70.   0.  50.  70.   0. 100.  10.  70.],[332 247 338 338 268 234 183 360]
0+1 (0.4:0.6),7 & 7,2,[ 0. 70.  0.  0. 65.  0.  0.  0.],[ 70.   0.  60.  70.   0. 100.  10.  70.],[332 247 338 348 268 236 183 360]
0+1 (0.4:0.6),7 & 7,2,[ 0. 70.  0.  0. 65.  0.  0.  0.],[ 70.   0.  60.  70.   0. 100.  10.  70.],[332 247 338 348 268 236 183 361]
0+1 (0.4:0.6),7 & 7,2,[ 0. 70.  0.  0. 65.  0.  0.  0.],[ 70.   0.  60.  70.   0. 100.  10.  70.],[332 247 338 348 268 236 183 361]
0+1 (0.4:0.6),7 & 7,2,[ 0. 70.  0.  0. 65.  0.  0.  0.],[ 70.   0.  60.  70.   0. 100.  10.  70.],[332 247 338 348 268 236 183 361]
0+1 (0.4:0.6),7 & 7,2,[ 0. 70.  0.  0. 65.  0.  0.  0.],[ 70.   0.  60.  70.   0. 100.  10.  70.],[332 247 338 348 268 236 183 361]
0+1 (0.4:0.6),7 & 7,2,[ 0. 70.  0.  0. 65.  0.  0.  0.],[70.  0. 60. 70.  0. 80. 10. 70.],[332 247 338 348 268 251 183 361]
0+1 (0.4:0.6),7 & 7,2,[ 0. 70.  0.  0. 65.  0.  0.  0.],[70.  0. 50. 70.  0. 80. 10. 70.],[332 247 337 348 268 263 183 361]
0+1 (0.4:0.6),7 & 7,2,[ 0. 70.  0.  0. 65.  0.  0.  0.],[70.  0. 50. 70.  0. 90. 10. 70.],[332 247 337 348 268 249 183 361]
0+1 (0.5:0.6),7 & 7,2,[ 0. 70.  0.  0. 65.  0.  0.  0.],[70.  0. 50. 70.  0. 80. 10. 70.],[332 247 337 348 268 249 183 361]
0+1 (0.5:0.5),7 & 7,2,[ 0. 70.  0.  0. 65.  0.  0.  0.],[70.  0. 50. 70.  0. 70. 10. 70.],[332 247 337 348 268 251 183 361]
0+1 (0.5:0.5),7 & 7,2,[ 0. 70.  0.  0. 65.  0.  0.  0.],[70.  0. 50. 70.  0. 70. 10. 70.],[332 247 337 348 268 251 183 361]
0+1 (0.5:0.5),7 & 7,2,[ 0. 70.  0.  0. 65.  0.  0.  0.],[70.  0. 50. 70.  0. 70. 10. 70.],[332 247 337 348 268 252 183 361]
0+1 (0.5:0.5),7 & 7,2,[ 0. 70.  0.  0. 65.  0.  0.  0.],[70.  0. 50. 70.  0. 70. 10. 70.],[332 247 337 348 268 252 183 361]
0+1 (0.5:0.5),7 & 7,2,[ 0. 70.  0.  0. 65.  0.  0.  0.],[70.  0. 50. 70.  0. 70. 10. 70.],[332 247 337 348 268 252 183 361]
0+1 (0.5:0.5),7 & 7,2,[ 0. 70.  0.  0. 65.  0.  0.  0.],[70.  0. 50. 70.  0. 70. 10. 70.],[332 247 337 348 268 252 183 337]
0+1 (0.5:0.5),7 & 7,2,[ 0. 70.  0.  0. 65.  0.  0.  0.],[70.  0. 50. 70.  0. 70. 10. 70.],[332 247 337 348 268 252 183 334]
0+1 (0.5:0.5),7 & 7,2,[ 0. 70.  0.  0. 65.  0.  0.  0.],[70.  0. 50. 70.  0. 70. 10. 70.],[332 247 337 348 268 252 183 329]
0+1 (0.5:0.5),7 & 7,2,[ 0. 70.  0.  0. 65.  0.  0.  0.],[70.  0. 50. 70.  0. 70. 10. 70.],[332 247 337 346 268 252 183 329]
0+1 (0.6:0.4),7 & 7,2,[ 0. 70.  0.  0. 65.  0.  0.  0.],[70.  0. 50. 70.  0. 70. 10. 70.],[332 247 337 372 268 252 183 309]
0+1 (0.6:0.4),7 & 7,2,[ 0. 70.  0.  0. 65.  0.  0.  0.],[70.  0. 50. 70.  0. 70. 10. 70.],[332 247 337 415 268 252 183 362]
0+1 (0.6:0.4),7 & 7,2,[ 0. 70.  0.  0. 65.  0.  0.  0.],[70.  0. 50. 70.  0. 70. 10. 70.],[332 247 337 415 268 252 182 367]
0+1 (0.6:0.4),7 & 7,2,[ 0. 70.  0.  0. 65.  0.  0.  0.],[70.  0. 50. 70.  0. 70. 10. 70.],[332 247 337 415 268 252 182 310]
0+1 (0.6:0.4),7 & 7,2,[ 0. 70.  0.  0. 65.  0.  0.  0.],[70.  0. 50. 70.  0. 70. 10. 70.],[332 247 337 415 268 252 182 309]
0+1 (0.6:0.4),7 & 7,2,[ 0. 70.  0.  0. 66.  0.  0.  0.],[70.  0. 50. 70.  0. 70. 10. 70.],[332 247 337 415 267 252 182 308]
0+1 (0.6:0.4),7 & 7,2,[ 0. 70.  0.  0. 64.  0.  0.  0.],[70.  0. 50. 70.  0. 70. 10. 70.],[332 247 337 416 268 252 182 308]
0+1 (0.6:0.4),7 & 7,2,[ 0. 70.  0.  0. 65.  0.  0.  0.],[70.  0. 50. 70.  0. 70. 10. 70.],[332 247 337 416 268 252 181 308]
0+1 (0.6:0.4),7 & 7,2,[ 0. 70.  0.  0. 63.  0.  0.  0.],[70.  0. 50. 70.  0. 70. 10. 70.],[332 247 337 416 267 252 181 311]
0+1 (0.6:0.4),7 & 7,2,[ 0. 70.  0.  0. 60.  0.  0.  0.],[70.  0. 50. 70.  0. 70. 10. 70.],[332 247 337 417 294 252 181 311]
0+1 (0.7:0.3),7 & 7,2,[ 0. 70.  0.  0. 62.  0.  0.  0.],[70.  0. 60. 70.  0. 70. 10. 70.],[332 247 338 417 268 252 181 308]
0+1 (0.7:0.3),7 & 7,2,[ 0. 70.  0.  0. 62.  0.  0.  0.],[70.  0. 70. 70.  0. 70. 10. 70.],[332 247 337 417 267 253 181 308]
0+1 (0.7:0.3),7 & 7,2,[ 0. 70.  0.  0. 62.  0.  0.  0.],[70.  0. 70. 70.  0. 70. 10. 70.],[332 247 338 417 267 253 181 308]
0+1 (0.7:0.3),7 & 7,2,[ 0. 70.  0.  0. 69.  0.  0.  0.],[70.  0. 70. 70.  0. 70. 10. 70.],[332 247 338 417 268 253 181 309]
0+1 (0.7:0.3),7 & 7,2,[ 0. 78.  0.  0. 63.  0.  0.  0.],[70.  0. 70. 70.  0. 70. 10. 70.],[332 237 338 417 345 253 181 310]
0+1 (0.7:0.3),7 & 7,2,[ 0. 78.  0.  0. 63.  0.  0.  0.],[70.  0. 70. 70.  0. 70. 10. 70.],[332 237 337 417 268 253 181 367]
0+1 (0.7:0.3),7 & 7,2,[ 0. 72.  0.  0. 63.  0.  0.  0.],[70.  0. 60. 70.  0. 70. 10. 70.],[332 278 337 417 268 253 181 362]
0+1 (0.7:0.3),7 & 7,2,[ 0. 72.  0.  0. 63.  0.  0.  0.],[70.  0. 60. 70.  0. 70. 10. 70.],[332 278 337 417 268 237 181 309]
0+1 (0.7:0.3),7 & 7,2,[ 0. 72.  0.  0. 63.  0.  0.  0.],[70.  0. 40. 70.  0. 70. 10. 60.],[332 278 338 417 294 237 180 346]
0+1 (0.7:0.3),7 & 7,2,[ 0. 72.  0.  0. 63.  0.  0.  0.],[70.  0. 60. 70.  0. 70. 10. 60.],[332 278 335 417 294 237 180 342]
0+1 (0.8:0.2),7 & 7,2,[ 0. 72.  0.  0. 64.  0.  0.  0.],[70.  0. 70. 70.  0. 70. 10. 60.],[332 278 337 417 293 237 180 344]
0+1 (0.8:0.2),7 & 7,2,[ 0. 72.  0.  0. 66.  0.  0.  0.],[70.  0. 50. 70.  0. 70. 10. 70.],[332 278 338 417 268 237 180 409]
0+1 (0.8:0.2),7 & 7,2,[ 0. 72.  0.  0. 59.  0.  0.  0.],[70.  0. 40. 70.  0. 70. 10. 60.],[332 278 338 417 424 237 179 340]
0+1 (0.8:0.2),7 & 7,2,[ 0. 72.  0.  0. 68.  0.  0.  0.],[70.  0. 50. 70.  0. 70. 10. 40.],[332 278 338 417 293 237 179 428]
0+1 (0.8:0.2),7 & 7,3,[ 0. 72.  0.  0. 54.  0.  0. 29.],[70.  0. 50. 70.  0. 70. 10.  0.],[332 278 338 425 424 237 179 540]
0+1 (0.8:0.2),7 & 7,3,[ 0. 72.  0.  0. 54.  0.  0. 27.],[70.  0. 60. 70.  0. 70. 10.  0.],[332 278 341 425 424 237 179 509]
0+1 (0.8:0.2),7 & 7,3,[ 0. 72.  0.  0. 74.  0.  0. 33.],[70.  0. 20. 70.  0. 70. 10.  0.],[332 278 454 395 293 237 179 565]
0+1 (0.8:0.2),7 & 7,4,[ 0. 72.  0.  0. 72.  0. 81. 41.],[70.  0. 50. 70.  0. 70.  0.  0.],[332 278 339 425 294 237 171 565]
0+1 (0.8:0.2),7 & 7,4,[ 0. 72.  0.  0. 74.  0. 81. 50.],[70.  0. 40. 70.  0. 70.  0.  0.],[332 278 339 363 268 237 171 411]
0+1 (0.8:0.2),7 & 7,3,[ 0. 72.  0.  0. 68.  0.  0. 55.],[60.  0. 70. 60.  0. 70. 10.  0.],[331 278 228 579 294 237 177 475]
0+1 (0.8:0.2),7 & 7,3,[ 0. 72.  0.  0. 67.  0.  0. 61.],[60.  0. 80. 70.  0. 70. 10.  0.],[331 278 225 412 294 259 175 410]
0+1 (0.9:0.1),7 & 7,3,[ 0. 72.  0.  0. 67.  0.  0. 49.],[60.  0. 60. 60.  0. 70. 90.  0.],[331 278 225 401 294 275  30 540]
0+1 (0.9:0.1),7 & 7,3,[ 0. 74.  0.  0. 75.  0.  0. 54.],[60.  0. 80. 60.  0. 70. 90.  0.],[332 288 225 414 268 250  30 539]
0+1 (0.9:0.1),7 & 7,3,[ 0. 74.  0.  0. 76.  0.  0. 32.],[70.  0. 80. 60.  0. 70. 90.  0.],[331 288 227 509 268 250  30 525]
0+1 (0.9:0.1),7 & 7,3,[ 0. 72.  8.  0. 80.  0.  0.  0.],[70.  0.  0. 60.  0. 70. 90. 10.],[332 288 496 510 229 250  30 814]
0+1 (0.9:0.1),7 & 7,3,[ 0. 72.  8.  0. 84.  0.  0.  0.],[70.  0.  0. 60.  0. 70. 90. 20.],[332 288 496 508 227 248  30 978]
0+1 (0.9:0.1),7 & 7,3,[ 0. 72.  0.  0. 74.  0.  0.  6.],[60.  0. 10. 60.  0. 70. 90.  0.],[332 278 457 390 268 248  30 838]
0+1 (0.9:0.1),7 & 7,3,[ 0. 76. 28.  0. 74.  0.  0.  0.],[60.  0.  0. 60.  0. 70. 90. 10.],[400 247 486 492 268 248  30 811]
0+1 (0.9:0.1),7 & 7,3,[ 0. 76. 24.  0. 81.  0.  0.  0.],[70.  0.  0. 60.  0. 70. 90. 20.],[332 247 486 493 228 264  28 702]
0+1 (0.9:0.1),7 & 7,4,[ 0. 72. 18.  0. 86.  0.  0. 15.],[ 60.   0.   0.  60.   0.  70. 100.   0.],[400 288 461 485 226 264  25 718]
0+1 (1.0:0.0),7 & 7,3,[ 0.  0. 18.  0. 87.  0.  0. 21.],[ 60.  10.   0.  60.   0.  70. 100.   0.],[387 374 461 493 226 262  25 717]
0+1 (1.0:0.0),7 & 7,3,[ 0.  0. 24.  0. 81.  0.  0. 48.],[ 40.  20.   0.  40.   0.  70. 100.   0.],[345 361 487 581 265 262  25 496]
0+1 (1.0:0.0),7 & 7,3,[ 0.  0. 24.  0. 89.  0.  0.  9.],[ 30.  20.   0.  40.   0.  80. 100.   0.],[345 364 497 581 265 277  25 899]
0+1 (1.0:0.0),7 & 7,4,[ 0. 68. 24.  0. 80.  0.  0. 37.],[ 40.   0.   0.  10.   0.  70. 100.   0.],[385 288 497 781 240 326  25 633]
0+1 (1.0:0.0),7 & 7,4,[ 0. 70. 22.  0. 78.  0.  0. 29.],[ 30.   0.   0.  70.   0.  60. 100.   0.],[400 278 486 531 240 515  25 643]
0+2 (0.0:1.0),7 & 6,5,[ 0. 72. 30.  0. 66.  0. 91. 59.],[70.  0.  0. 30.  0. 50.  0.  0.],[365 258 474 758 294 366 150 331]
0+2 (0.0:1.0),7 & 6,5,[ 0. 78. 30.  0. 66.  0. 91. 60.],[70.  0.  0. 40.  0. 70.  0.  0.],[365 258 474 823 294 354 150 331]
0+2 (0.0:1.0),7 & 6,6,[ 0. 74. 30. 14. 66.  0. 91. 60.],[70.  0.  0.  0.  0. 50.  0.  0.],[365 258 474 799 294 352 150 331]
0+2 (0.0:1.0),7 & 6,5,[ 0. 76. 30.  0. 66.  0. 91. 60.],[70.  0.  0. 50.  0. 50.  0.  0.],[375 258 474 772 294 323 150 331]
0+2 (0.1:0.9),7 & 6,5,[ 0.  0. 30. 33. 65.  0. 91. 62.],[70. 10.  0.  0.  0. 60.  0.  0.],[ 375  386  474 1151  294  334  150  331]
0+2 (0.1:0.9),7 & 6,3,[ 0.  0. 30.  0. 69.  0.  0. 62.],[70. 20.  0. 20.  0. 50. 30.  0.],[ 375  388  474 1079  294  382  205  331]
0+2 (0.1:0.9),7 & 6,3,[ 0.  0. 30.  0. 55.  0.  0. 62.],[70. 20.  0. 30.  0. 60. 30.  0.],[375 403 474 853 346 290 204 331]
0+2 (0.1:0.9),7 & 6,4,[ 0.  0. 30.  2. 62.  0.  0. 62.],[70. 30.  0.  0.  0. 40. 30.  0.],[375 390 474 959 346 322 204 331]
0+2 (0.1:0.9),7 & 6,4,[ 0.  0. 38. 27. 61.  0.  0. 27.],[70. 40.  0.  0.  0. 60. 50.  0.],[ 375  384  474 1076  346  343  202  580]
0+2 (0.1:0.9),7 & 6,3,[ 0.  0. 20.  0. 59.  0.  0. 23.],[70. 40.  0. 20.  0. 50. 50.  0.],[387 386 509 838 346 269 202 577]
0+2 (0.1:0.9),7 & 6,2,[ 0.  0.  0.  0. 64.  0.  0. 57.],[70. 50. 20. 50.  0. 60. 60.  0.],[387 348 528 605 346 251 204 321]
0+2 (0.1:0.9),7 & 6,1,[ 0.  0.  0.  0. 65.  0.  0.  0.],[70. 50. 20. 50.  0. 70. 60. 60.],[387 382 531 653 294 163 204 568]
0+2 (0.1:0.9),7 & 6,2,[ 0.  0.  0.  0. 69.  0.  0. 26.],[70. 40. 20. 70.  0. 70. 70.  0.],[387 321 526 390 293 163 202 555]
0+2 (0.1:0.9),7 & 6,1,[ 0.  0.  0.  0. 51.  0.  0.  0.],[70. 60. 30. 80.  0. 80. 90. 60.],[387 323 530 319 449 174  30 295]
0+2 (0.2:0.8),7 & 6,1,[ 0.  0.  0.  0. 68.  0.  0.  0.],[60. 70. 20. 90.  0. 80. 90. 60.],[385 323 528 318 345 170  30 543]
0+2 (0.2:0.8),7 & 6,1,[ 0.  0.  0.  0. 75.  0.  0.  0.],[50. 60. 30. 90.  0. 80. 90. 50.],[387 336 525 318 293 161  30 542]
0+2 (0.2:0.8),7 & 6,1,[ 0.  0.  0.  0. 66.  0.  0.  0.],[70. 60. 50. 80.  0. 80. 90. 80.],[376 334 456 314 346 161  30 348]
0+2 (0.2:0.8),7 & 6,1,[ 0.  0.  0.  0. 65.  0.  0.  0.],[40. 40. 50. 80.  0. 80. 90. 70.],[387 337 456 314 346 161  30 313]
0+2 (0.2:0.8),7 & 6,1,[ 0.  0.  0.  0. 74.  0.  0.  0.],[50. 40. 50. 80.  0. 80. 90. 60.],[386 335 456 317 294 161  30 324]
0+2 (0.2:0.8),7 & 6,1,[ 0.  0.  0.  0. 69.  0.  0.  0.],[50. 50. 50. 80.  0. 80. 90. 60.],[398 330 456 317 268 161  30 324]
0+2 (0.2:0.8),7 & 6,1,[ 0.  0.  0.  0. 68.  0.  0.  0.],[50. 50. 50. 80.  0. 60. 90. 60.],[398 330 456 313 320 201  30 324]
0+2 (0.2:0.8),7 & 6,1,[ 0.  0.  0.  0. 72.  0.  0.  0.],[50. 70. 50. 80.  0. 60. 90. 60.],[398 342 456 313 385 201  30 324]
0+2 (0.2:0.8),7 & 6,1,[ 0.  0.  0.  0. 54.  0.  0.  0.],[50. 70. 50. 80.  0. 80. 90. 60.],[398 342 456 312 644 167  30 322]
0+2 (0.2:0.8),7 & 6,0,[ 0.  0.  0.  0. 41.  0.  0.  0.],[50. 70. 50. 80. 70. 80. 90. 60.],[ 398  342  456  323 1000  165   30  310]
0+2 (0.2:0.8),7 & 6,0,[ 0.  0.  0.  0. 27.  0.  0.  0.],[50. 70. 50. 80. 70. 90. 90. 60.],[ 398  342  456  332 1000  196   35  371]
0+2 (0.3:0.7),7 & 6,1,[ 0.  0.  0.  0. 60.  0.  0.  0.],[50. 70. 50. 80.  0. 90. 90. 60.],[398 342 456 398 502 209  34 368]
0+2 (0.3:0.7),7 & 6,1,[ 0.  0.  0.  0. 88.  0.  0.  0.],[50. 70. 50. 80.  0. 90. 90. 60.],[398 342 456 485 215 234  33 372]
0+2 (0.3:0.7),7 & 6,1,[ 0.  0.  0.  0. 80.  0.  0.  0.],[50. 70. 40. 80.  0. 90. 90. 60.],[398 342 461 485 332 212  33 376]
0+2 (0.3:0.7),7 & 6,1,[ 0.  0.  0.  0. 80.  0.  0.  0.],[ 50.  70.  40.  80.   0. 100.  90.  60.],[398 342 461 485 358 222  33 376]
0+2 (0.3:0.7),7 & 6,1,[ 0.  0.  0.  0. 80.  0.  0.  0.],[ 50.  70.  30.  80.   0. 100.  90.  60.],[398 342 522 485 358 291  33 379]
0+2 (0.3:0.7),7 & 6,1,[ 0.  0.  0.  0. 82.  0.  0.  0.],[ 50.  70.  30.  80.   0. 100.  90.  60.],[398 342 522 485 332 241  33 377]
0+2 (0.3:0.7),7 & 6,1,[ 0.  0.  0.  0. 82.  0.  0.  0.],[50. 70. 30. 80.  0. 90. 90. 60.],[398 342 522 485 332 332  32 380]
0+2 (0.3:0.7),7 & 6,1,[ 0.  0.  0.  0. 82.  0.  0.  0.],[50. 70. 30. 80.  0. 90. 40. 70.],[398 342 522 485 332 332 148 363]
0+2 (0.3:0.7),7 & 6,1,[ 0.  0.  0.  0. 82.  0.  0.  0.],[50. 70. 30. 80.  0. 90. 30. 70.],[398 342 522 485 332 330 153 370]
0+2 (0.4:0.6),7 & 6,1,[ 0.  0.  0.  0. 82.  0.  0.  0.],[50. 70. 30. 80.  0. 90. 50. 70.],[398 342 522 485 332 313 143 358]
0+2 (0.4:0.6),7 & 6,1,[ 0.  0.  0.  0. 82.  0.  0.  0.],[50. 70. 30. 80.  0. 90. 70. 70.],[398 342 522 485 332 325 140 367]
0+2 (0.4:0.6),7 & 6,1,[ 0.  0.  0.  0. 82.  0.  0.  0.],[50. 70. 30. 80.  0. 90. 80. 70.],[398 342 522 485 332 337 141 367]
0+2 (0.4:0.6),7 & 6,1,[ 0.  0.  0.  0. 82.  0.  0.  0.],[50. 70. 30. 80.  0. 90. 70. 70.],[398 342 522 485 332 366 152 367]
0+2 (0.4:0.6),7 & 6,1,[ 0.  0.  0.  0. 82.  0.  0.  0.],[50. 70. 30. 80.  0. 90. 70. 70.],[398 342 522 485 332 366 158 367]
0+2 (0.4:0.6),7 & 6,1,[ 0.  0.  0.  0. 82.  0.  0.  0.],[50. 70. 30. 80.  0. 90. 70. 70.],[398 342 522 485 332 366 195 367]
0+2 (0.4:0.6),7 & 6,1,[ 0.  0.  0.  0. 82.  0.  0.  0.],[50. 70. 30. 80.  0. 90. 70. 70.],[398 342 522 485 332 366 105 367]
0+2 (0.4:0.6),7 & 6,1,[ 0.  0.  0.  0. 82.  0.  0.  0.],[50. 70. 30. 80.  0. 90. 70. 70.],[398 342 522 485 332 366 105 367]
0+2 (0.4:0.6),7 & 6,1,[ 0.  0.  0.  0. 82.  0.  0.  0.],[50. 70. 30. 80.  0. 90. 80. 70.],[398 342 522 485 332 345 110 367]
0+2 (0.4:0.6),7 & 6,1,[ 0.  0.  0.  0. 82.  0.  0.  0.],[50. 70. 30. 80.  0. 90. 90. 70.],[398 342 522 485 332 345  59 367]
0+2 (0.5:0.6),7 & 6,1,[ 0.  0.  0.  0. 82.  0.  0.  0.],[ 50.  70.  30.  80.   0.  90. 100.  70.],[398 342 522 485 332 345  15 367]
0+2 (0.5:0.5),7 & 6,1,[ 0.  0.  0.  0. 82.  0.  0.  0.],[ 50.  70.  30.  80.   0.  90. 100.  70.],[398 342 522 485 332 345  15 367]
0+2 (0.5:0.5),7 & 6,1,[ 0.  0.  0.  0. 82.  0.  0.  0.],[ 50.  70.  30.  80.   0.  90. 100.  70.],[398 342 522 485 332 345  15 367]
0+2 (0.5:0.5),7 & 6,1,[ 0.  0.  0.  0. 82.  0.  0.  0.],[ 50.  70.  30.  80.   0.  90. 100.  70.],[398 342 522 485 332 345  15 367]
0+2 (0.5:0.5),7 & 6,1,[ 0.  0.  0.  0. 82.  0.  0.  0.],[ 50.  70.  30.  80.   0.  90. 100.  70.],[398 342 522 485 332 345  15 367]
0+2 (0.5:0.5),7 & 6,1,[ 0.  0.  0.  0. 82.  0.  0.  0.],[ 50.  70.  30.  80.   0.  90. 100.  70.],[398 342 522 485 332 345  15 367]
0+2 (0.5:0.5),7 & 6,1,[ 0.  0.  0.  0. 82.  0.  0.  0.],[ 50.  70.  30.  80.   0.  90. 100.  70.],[398 342 522 485 332 345  15 367]
0+2 (0.5:0.5),7 & 6,1,[ 0.  0.  0.  0. 82.  0.  0.  0.],[ 50.  70.  30.  80.   0.  90. 100.  70.],[398 342 522 485 332 345  15 367]
0+2 (0.5:0.5),7 & 6,1,[ 0.  0.  0.  0. 82.  0.  0.  0.],[ 50.  70.  30.  80.   0.  90. 100.  70.],[398 342 522 485 332 345  15 367]
0+2 (0.5:0.5),7 & 6,1,[ 0.  0.  0.  0. 82.  0.  0.  0.],[ 50.  70.  30.  80.   0.  90. 100.  70.],[398 342 522 485 332 345  15 367]
0+2 (0.6:0.4),7 & 6,1,[ 0.  0.  0.  0. 82.  0.  0.  0.],[ 50.  70.  30.  80.   0.  90. 100.  70.],[398 342 522 485 332 345  15 367]
0+2 (0.6:0.4),7 & 6,1,[ 0.  0.  0.  0. 82.  0.  0.  0.],[ 50.  70.  30.  80.   0.  90. 100.  70.],[398 342 522 485 332 345  15 367]
0+2 (0.6:0.4),7 & 6,1,[ 0.  0.  0.  0. 82.  0.  0.  0.],[ 50.  70.  30.  80.   0.  90. 100.  70.],[398 342 522 485 332 345  15 367]
0+2 (0.6:0.4),7 & 6,1,[ 0.  0.  0.  0. 82.  0.  0.  0.],[ 50.  70.  30.  80.   0.  90. 100.  70.],[398 342 522 485 332 345  15 367]
0+2 (0.6:0.4),7 & 6,1,[ 0.  0.  0.  0. 82.  0.  0.  0.],[ 50.  70.  30.  80.   0.  90. 100.  70.],[398 342 522 485 332 345  15 367]
0+2 (0.6:0.4),7 & 6,1,[ 0.  0.  0.  0. 82.  0.  0.  0.],[ 50.  70.  30.  80.   0.  90. 100.  70.],[398 342 522 485 332 345  15 367]
0+2 (0.6:0.4),7 & 6,1,[ 0.  0.  0.  0. 82.  0.  0.  0.],[ 50.  70.  30.  80.   0.  90. 100.  70.],[398 342 522 485 332 345  15 367]
0+2 (0.6:0.4),7 & 6,1,[ 0.  0.  0.  0. 82.  0.  0.  0.],[ 50.  70.  30.  80.   0.  90. 100.  70.],[398 342 522 485 332 347  15 367]
0+2 (0.6:0.4),7 & 6,1,[ 0.  0.  0.  0. 82.  0.  0.  0.],[ 50.  70.  30.  80.   0.  90. 100.  70.],[398 342 522 485 332 308  15 367]
0+2 (0.6:0.4),7 & 6,1,[ 0.  0.  0.  0. 82.  0.  0.  0.],[ 50.  70.  30.  80.   0. 100. 100.  70.],[398 342 522 485 332 232  15 367]
0+2 (0.7:0.3),7 & 6,1,[ 0.  0.  0.  0. 82.  0.  0.  0.],[ 50.  70.  30.  80.   0. 100. 100.  70.],[398 342 522 485 332 235  15 367]
0+2 (0.7:0.3),7 & 6,1,[ 0.  0.  0.  0. 82.  0.  0.  0.],[ 50.  70.  30.  80.   0.  90. 100.  70.],[398 342 522 485 332 319  23 367]
0+2 (0.7:0.3),7 & 6,1,[ 0.  0.  0.  0. 82.  0.  0.  0.],[ 50.  70.  30.  80.   0.  90. 100.  70.],[398 342 522 485 332 299  23 367]
0+2 (0.7:0.3),7 & 6,1,[ 0.  0.  0.  0. 82.  0.  0.  0.],[ 50.  70.  30.  80.   0.  80. 100.  70.],[398 342 522 485 332 297  23 367]
0+2 (0.7:0.3),7 & 6,1,[ 0.  0.  0.  0. 82.  0.  0.  0.],[ 50.  70.  30.  80.   0.  80. 100.  70.],[398 342 522 485 332 277  23 367]
0+2 (0.7:0.3),7 & 6,1,[ 0.  0.  0.  0. 82.  0.  0.  0.],[ 50.  70.  30.  80.   0. 100. 100.  70.],[398 342 522 485 332 233  23 367]
0+2 (0.7:0.3),7 & 6,1,[ 0.  0.  0.  0. 82.  0.  0.  0.],[ 50.  70.  30.  80.   0. 100. 100.  70.],[398 342 522 485 332 233  23 367]
0+2 (0.7:0.3),7 & 6,1,[ 0.  0.  0.  0. 82.  0.  0.  0.],[ 50.  70.  30.  80.   0. 100. 100.  70.],[398 342 522 485 332 236  23 367]
0+2 (0.7:0.3),7 & 6,1,[ 0.  0.  0.  0. 82.  0.  0.  0.],[ 50.  70.  30.  80.   0. 100. 100.  50.],[398 342 522 485 332 236  23 550]
0+2 (0.7:0.3),7 & 6,2,[ 0.  0.  0.  0. 82.  0.  0. 29.],[ 50.  70.  30.  80.   0. 100. 100.   0.],[398 342 522 485 332 236  23 565]
0+2 (0.8:0.2),7 & 6,2,[ 0.  0.  0.  0. 82.  0.  0. 29.],[ 50.  70.  30.  80.   0. 100. 100.   0.],[398 342 522 485 332 236  23 565]
0+2 (0.8:0.2),7 & 6,2,[ 0.  0.  0.  0. 82.  0.  0. 27.],[ 50.  70.  30.  80.   0. 100. 100.   0.],[398 342 522 485 332 236  23 565]
0+2 (0.8:0.2),7 & 6,2,[ 0.  0.  0.  0. 82.  0.  0. 27.],[ 50.  70.  30.  80.   0. 100. 100.   0.],[398 342 522 485 332 236  23 565]
0+2 (0.8:0.2),7 & 6,2,[ 0.  0.  0.  0. 85.  0.  0. 48.],[ 50.  70.  30.  80.   0. 100. 100.   0.],[398 342 522 485 253 236  23 565]
0+2 (0.8:0.2),7 & 6,2,[ 0.  0.  0.  0. 85.  0.  0. 59.],[ 50.  70.  30.  80.   0. 100. 100.   0.],[398 342 522 485 253 235  23 530]
0+2 (0.8:0.2),7 & 6,2,[ 0.  0.  0.  0. 83.  0.  0. 59.],[ 50.  70.  30.  80.   0. 100. 100.   0.],[398 342 522 485 254 233  23 530]
0+2 (0.8:0.2),7 & 6,2,[ 0.  0.  0.  0. 83.  0.  0. 57.],[ 50.  70.  30.  80.   0.  80. 100.   0.],[398 342 522 485 254 287  23 530]
0+2 (0.8:0.2),7 & 6,2,[ 0.  0.  0.  0. 83.  0.  0. 53.],[ 50.  70.  30.  80.   0.  80. 100.   0.],[398 342 522 485 254 287  23 423]
0+2 (0.8:0.2),7 & 6,2,[ 0.  0.  0.  0. 85.  0.  0. 47.],[ 50.  70.  30.  80.   0.  80. 100.   0.],[398 342 522 485 240 287  23 527]
0+2 (0.8:0.2),7 & 6,2,[ 0.  0.  0.  0. 85.  0.  0. 48.],[ 50.  60.  30.  80.   0.  80. 100.   0.],[398 328 522 485 240 287  23 526]
0+2 (0.8:0.2),7 & 6,2,[ 0.  0.  0.  0. 85.  0.  0. 47.],[ 50.  50.  30.  80.   0.  90. 100.   0.],[398 327 522 485 240 287  23 526]
0+2 (0.9:0.1),7 & 6,2,[ 0.  0.  0.  0. 84.  0.  0. 38.],[ 50. 100.  30.  80.   0.  90. 100.   0.],[398 365 522 485 240 287  23 718]
0+2 (0.9:0.1),7 & 6,2,[ 0.  0.  0.  0. 84.  0.  0. 30.],[ 50.  50.  30.  80.   0.  90. 100.   0.],[398 378 522 485 240 287  23 785]
0+2 (0.9:0.1),7 & 6,2,[ 0.  0.  0.  0. 84.  0.  0. 36.],[ 50.  40.  30.  80.   0.  90. 100.   0.],[398 349 522 485 240 287  24 784]
0+2 (0.9:0.1),7 & 6,2,[ 0.  0.  0.  0. 82.  0.  0. 45.],[ 50.  40.  30.  80.   0.  90. 100.   0.],[398 415 522 485 253 287  25 679]
0+2 (0.9:0.1),7 & 6,2,[ 0.  0.  0.  0. 83.  0.  0. 45.],[ 50.  60.  30.  80.   0.  80. 100.   0.],[398 378 522 485 266 287  25 678]
0+2 (0.9:0.1),7 & 6,2,[ 0.  0.  0.  0. 85.  0.  0. 46.],[ 50.  20.  30.  80.   0.  80. 100.   0.],[398 377 522 485 253 287  25 678]
0+2 (0.9:0.1),7 & 6,2,[ 0.  0.  0.  0. 92.  0.  0. 53.],[ 50.  20.  30.  80.   0.  90. 100.   0.],[398 378 522 485 186 279  25 574]
0+2 (0.9:0.1),7 & 6,2,[ 0.  0.  0.  0. 91.  0.  0. 14.],[ 50.  20.  30.  80.   0.  90. 100.   0.],[398 379 522 485 188 279  25 932]
0+2 (0.9:0.1),7 & 6,2,[ 0.  0.  0.  0. 91.  0.  0. 14.],[ 50.  20.  30.  80.   0.  90. 100.   0.],[398 379 522 485 188 279  25 932]
0+2 (1.0:0.0),7 & 6,2,[ 0.  0.  0. 29. 80.  0.  0. 42.],[ 10.  30.  10.  40.   0.  90. 100.   0.],[ 348  376  527 1500  241  277   25  668]
0+2 (1.0:0.0),7 & 6,3,[ 0.  0.  0. 39. 79.  0.  0. 33.],[ 10.  10.  20.   0.   0.  90. 100.   0.],[ 398  378  531 1387  241  288   25  799]
0+2 (1.0:0.0),7 & 6,4,[100.   0.   0.  59.  80.   0.   0.  46.],[ 0. 10. 40.  0.  0. 90. 90.  0.],[172 379 518 997 292 284  28 643]
0+2 (1.0:0.0),7 & 6,4,[ 0. 82.  4.  0. 78.  0.  0. 43.],[50.  0.  0. 80.  0. 60. 90.  0.],[392 288 497 488 266 383  28 657]
0+2 (1.0:0.0),7 & 6,4,[ 0. 78.  2.  0. 78.  0.  0. 45.],[30.  0.  0. 80.  0. 60. 90.  0.],[397 247 497 488 266 515  28 574]
0+3 (0.0:1.0),7 & 6,4,[ 0. 72. 34.  0. 51.  0.  0. 58.],[70.  0.  0. 40.  0. 70. 10.  0.],[332 278 496 597 424 464 177 433]
0+3 (0.0:1.0),7 & 6,4,[ 0. 72. 34.  0. 44.  0.  0. 49.],[70.  0.  0. 30.  0. 80. 20.  0.],[335 278 496 669 450 460 175 424]
0+3 (0.0:1.0),7 & 6,3,[ 0. 72. 34.  0. 57.  0.  0.  0.],[70.  0.  0. 10.  0. 70. 20. 20.],[335 278 496 782 424 524 174 702]
0+3 (0.0:1.0),7 & 6,3,[ 0. 72. 34.  0. 63.  0.  0.  0.],[70.  0.  0. 10.  0. 60. 50. 10.],[335 278 496 811 294 502 174 685]
0+3 (0.1:0.9),7 & 6,3,[ 0. 72.  0.  0. 60.  0.  0.  0.],[70.  0. 10.  0.  0. 60. 10. 50.],[335 278 511 821 346 497 176 735]
0+3 (0.1:0.9),7 & 6,4,[ 0. 72. 24.  5. 69.  0.  0.  0.],[ 70.   0.   0.   0.   0. 100.  10.  40.],[333 278 497 743 268 394 174 633]
0+3 (0.1:0.9),7 & 6,4,[ 0. 72. 36.  8. 87.  0.  0.  0.],[60.  0.  0.  0.  0. 70. 40. 20.],[387 278 422 743 150 506 173 621]
0+3 (0.1:0.9),7 & 6,4,[ 0. 72. 36. 14. 88.  0.  0.  0.],[50.  0.  0.  0.  0. 80. 80. 40.],[369 278 422 743 201 506  42 655]
0+3 (0.1:0.9),7 & 6,3,[ 0. 72. 38.  0. 78.  0.  0.  0.],[60.  0.  0. 10.  0. 90. 80. 30.],[376 278 497 819 293 548  42 621]
0+3 (0.1:0.9),7 & 6,3,[ 0. 72. 24.  0. 83.  0.  0.  0.],[50.  0.  0. 20.  0. 90. 80. 60.],[384 278 487 755 224 501  45 543]
0+3 (0.1:0.9),7 & 6,3,[ 0. 74. 22.  0. 83.  0.  0.  0.],[20.  0.  0. 20.  0. 90. 80. 10.],[ 348  258  486 1248  223  503   43  548]
0+3 (0.1:0.9),7 & 6,3,[100.  74.   0.   0.  83.   0.   0.   0.],[  0.   0.  30.  50.   0.  70. 100.  30.],[172 258 528 780 223 484  25 575]
0+3 (0.1:0.9),7 & 6,2,[ 0. 78.  0.  0. 83.  0.  0.  0.],[ 50.   0.  30.  60.   0. 100. 100.  50.],[398 268 522 745 212 379  25 649]
0+3 (0.1:0.9),7 & 6,1,[ 0.  0.  0.  0. 83.  0.  0.  0.],[ 50.  20.  30.  60.   0. 100. 100.  50.],[398 385 521 925 211 382  23 649]
0+3 (0.2:0.8),7 & 6,1,[ 0.  0.  0.  0. 73.  0.  0.  0.],[ 50.  20.  30.  60.   0. 100. 100.  50.],[398 416 509 924 288 380  23 649]
0+3 (0.2:0.8),7 & 6,0,[ 0.  0.  0.  0. 81.  0.  0.  0.],[ 50.  40.  20.  50.  30. 100. 100.  60.],[ 398  414  509 1146 1000  400   23  649]
0+3 (0.2:0.8),7 & 6,0,[ 0.  0.  0.  0. 51.  0.  0.  0.],[ 50.  40.  20.  50.  50.  80. 100.  50.],[ 398  414  522 1123 1000  575   23  649]
0+3 (0.2:0.8),7 & 6,0,[ 0.  0.  0.  0. 47.  0.  0.  0.],[ 50.  30.  20.  40.  50. 100. 100.  50.],[ 398  385  504 1205 1000  421   23  649]
0+3 (0.2:0.8),7 & 6,0,[ 0.  0.  0.  0. 46.  0.  0.  0.],[ 50.  40.  20.  50.  70. 100. 100.  60.],[ 398  381  503 1167 1000  439   23  649]
0+3 (0.2:0.8),7 & 6,0,[ 0.  0.  0.  0. 49.  0.  0.  0.],[ 50.  70.  20.  50.  70. 100. 100.  50.],[ 398  354  503 1046 1000  474   23  606]
0+3 (0.2:0.8),7 & 6,0,[ 0.  0.  0.  0. 87.  0.  0.  0.],[ 50.  60.  20.  80.  80. 100. 100.  50.],[ 398  339  503  666 1000  395   23  606]
0+3 (0.2:0.8),7 & 6,0,[ 0.  0.  0.  0. 59.  0.  0.  0.],[ 50.  70.  20.  80.  80. 100. 100.  50.],[ 398  339  503  655 1000  397   23  606]
